"Entity","Day","Daily.new.confirmed.cases.of.COVID.19.per.million.people"
"Zambia","2020-01-04",0
"Zambia","2020-01-05",0
"Zambia","2020-01-06",0
"Zambia","2020-01-07",0
"Zambia","2020-01-08",0
"Zambia","2020-01-09",0
"Zambia","2020-01-10",0
"Zambia","2020-01-11",0
"Zambia","2020-01-12",0
"Zambia","2020-01-13",0
"Zambia","2020-01-14",0
"Zambia","2020-01-15",0
"Zambia","2020-01-16",0
"Zambia","2020-01-17",0
"Zambia","2020-01-18",0
"Zambia","2020-01-19",0
"Zambia","2020-01-20",0
"Zambia","2020-01-21",0
"Zambia","2020-01-22",0
"Zambia","2020-01-23",0
"Zambia","2020-01-24",0
"Zambia","2020-01-25",0
"Zambia","2020-01-26",0
"Zambia","2020-01-27",0
"Zambia","2020-01-28",0
"Zambia","2020-01-29",0
"Zambia","2020-01-30",0
"Zambia","2020-01-31",0
"Zambia","2020-02-01",0
"Zambia","2020-02-02",0
"Zambia","2020-02-03",0
"Zambia","2020-02-04",0
"Zambia","2020-02-05",0
"Zambia","2020-02-06",0
"Zambia","2020-02-07",0
"Zambia","2020-02-08",0
"Zambia","2020-02-09",0
"Zambia","2020-02-10",0
"Zambia","2020-02-11",0
"Zambia","2020-02-12",0
"Zambia","2020-02-13",0
"Zambia","2020-02-14",0
"Zambia","2020-02-15",0
"Zambia","2020-02-16",0
"Zambia","2020-02-17",0
"Zambia","2020-02-18",0
"Zambia","2020-02-19",0
"Zambia","2020-02-20",0
"Zambia","2020-02-21",0
"Zambia","2020-02-22",0
"Zambia","2020-02-23",0
"Zambia","2020-02-24",0
"Zambia","2020-02-25",0
"Zambia","2020-02-26",0
"Zambia","2020-02-27",0
"Zambia","2020-02-28",0
"Zambia","2020-02-29",0
"Zambia","2020-03-01",0
"Zambia","2020-03-02",0
"Zambia","2020-03-03",0
"Zambia","2020-03-04",0
"Zambia","2020-03-05",0
"Zambia","2020-03-06",0
"Zambia","2020-03-07",0
"Zambia","2020-03-08",0
"Zambia","2020-03-09",0
"Zambia","2020-03-10",0
"Zambia","2020-03-11",0
"Zambia","2020-03-12",0
"Zambia","2020-03-13",0
"Zambia","2020-03-14",0
"Zambia","2020-03-15",0
"Zambia","2020-03-16",0
"Zambia","2020-03-17",0
"Zambia","2020-03-18",0
"Zambia","2020-03-19",0.09924113
"Zambia","2020-03-20",0
"Zambia","2020-03-21",0
"Zambia","2020-03-22",0
"Zambia","2020-03-23",0.049620565
"Zambia","2020-03-24",0
"Zambia","2020-03-25",0
"Zambia","2020-03-26",0.4465851
"Zambia","2020-03-27",0.19848226
"Zambia","2020-03-28",0.29772338
"Zambia","2020-03-29",0.29772338
"Zambia","2020-03-30",0.049620565
"Zambia","2020-03-31",0.29772338
"Zambia","2020-04-01",0.049620565
"Zambia","2020-04-02",0
"Zambia","2020-04-03",0.14886169
"Zambia","2020-04-04",0
"Zambia","2020-04-05",0
"Zambia","2020-04-06",0
"Zambia","2020-04-07",0
"Zambia","2020-04-08",0
"Zambia","2020-04-09",0
"Zambia","2020-04-10",0
"Zambia","2020-04-11",0.049620565
"Zambia","2020-04-12",0
"Zambia","2020-04-13",0.14886169
"Zambia","2020-04-14",0.09924113
"Zambia","2020-04-15",0
"Zambia","2020-04-16",0.14886169
"Zambia","2020-04-17",0
"Zambia","2020-04-18",0.19848226
"Zambia","2020-04-19",0.24810281
"Zambia","2020-04-20",0.19848226
"Zambia","2020-04-21",0.19848226
"Zambia","2020-04-22",0.24810281
"Zambia","2020-04-23",0.19848226
"Zambia","2020-04-24",0.09924113
"Zambia","2020-04-25",0.39696452
"Zambia","2020-04-26",0
"Zambia","2020-04-27",0.14886169
"Zambia","2020-04-28",0.09924113
"Zambia","2020-04-29",0.29772338
"Zambia","2020-04-30",0.09924113
"Zambia","2020-05-01",0.4465851
"Zambia","2020-05-02",0.14886169
"Zambia","2020-05-03",0.49620563
"Zambia","2020-05-04",0.24810281
"Zambia","2020-05-05",0.64506733
"Zambia","2020-05-06",0.09924113
"Zambia","2020-05-07",0.34734395
"Zambia","2020-05-08",0.34734395
"Zambia","2020-05-09",0.6946879
"Zambia","2020-05-10",4.217748
"Zambia","2020-05-11",0.7443085
"Zambia","2020-05-12",0
"Zambia","2020-05-13",8.633978
"Zambia","2020-05-14",0.24810281
"Zambia","2020-05-15",10.321077
"Zambia","2020-05-16",0.6946879
"Zambia","2020-05-17",0.5458262
"Zambia","2020-05-18",3.6719217
"Zambia","2020-05-19",0.39696452
"Zambia","2020-05-20",0.5458262
"Zambia","2020-05-21",2.977234
"Zambia","2020-05-22",1.6870992
"Zambia","2020-05-23",2.6795104
"Zambia","2020-05-24",0
"Zambia","2020-05-25",0
"Zambia","2020-05-26",0
"Zambia","2020-05-27",0
"Zambia","2020-05-28",6.798017
"Zambia","2020-05-29",0
"Zambia","2020-05-30",0
"Zambia","2020-05-31",0
"Zambia","2020-06-01",1.0916524
"Zambia","2020-06-02",1.5878581
"Zambia","2020-06-03",1.5382375
"Zambia","2020-06-04",0.59544677
"Zambia","2020-06-05",0
"Zambia","2020-06-06",0
"Zambia","2020-06-07",0
"Zambia","2020-06-08",0
"Zambia","2020-06-09",2.282546
"Zambia","2020-06-10",1.7367197
"Zambia","2020-06-11",0.8435496
"Zambia","2020-06-12",2.0344431
"Zambia","2020-06-13",1.3893758
"Zambia","2020-06-14",1.7863404
"Zambia","2020-06-15",0.049620565
"Zambia","2020-06-16",1.1908935
"Zambia","2020-06-17",1.141273
"Zambia","2020-06-18",0.34734395
"Zambia","2020-06-19",0.19848226
"Zambia","2020-06-20",0.6946879
"Zambia","2020-06-21",0.39696452
"Zambia","2020-06-22",0.6946879
"Zambia","2020-06-23",0
"Zambia","2020-06-24",1.240514
"Zambia","2020-06-25",0.59544677
"Zambia","2020-06-26",0.39696452
"Zambia","2020-06-27",1.6870992
"Zambia","2020-06-28",0.6946879
"Zambia","2020-06-29",0.59544677
"Zambia","2020-06-30",0.5458262
"Zambia","2020-07-01",1.2901347
"Zambia","2020-07-02",1.8855814
"Zambia","2020-07-03",0.39696452
"Zambia","2020-07-04",4.316989
"Zambia","2020-07-05",2.729131
"Zambia","2020-07-06",1.9848225
"Zambia","2020-07-07",0.24810281
"Zambia","2020-07-08",3.3741984
"Zambia","2020-07-09",2.0840638
"Zambia","2020-07-10",3.4238188
"Zambia","2020-07-11",1.4389963
"Zambia","2020-07-12",4.912436
"Zambia","2020-07-13",3.52306
"Zambia","2020-07-14",3.870404
"Zambia","2020-07-15",3.969645
"Zambia","2020-07-16",6.8476377
"Zambia","2020-07-17",5.904847
"Zambia","2020-07-18",9.427907
"Zambia","2020-07-19",8.435496
"Zambia","2020-07-20",8.336255
"Zambia","2020-07-21",8.83246
"Zambia","2020-07-22",2.977234
"Zambia","2020-07-23",9.775251
"Zambia","2020-07-24",5.7559853
"Zambia","2020-07-25",7.6415668
"Zambia","2020-07-26",23.569767
"Zambia","2020-07-27",7.591946
"Zambia","2020-07-28",3.52306
"Zambia","2020-07-29",22.329254
"Zambia","2020-07-30",12.256279
"Zambia","2020-07-31",15.183892
"Zambia","2020-08-01",20.24519
"Zambia","2020-08-02",13.149449
"Zambia","2020-08-03",5.904847
"Zambia","2020-08-04",11.561591
"Zambia","2020-08-05",10.5691805
"Zambia","2020-08-06",11.36311
"Zambia","2020-08-07",7.04612
"Zambia","2020-08-08",16.027443
"Zambia","2020-08-09",20.642155
"Zambia","2020-08-10",9.030943
"Zambia","2020-08-11",6.2025704
"Zambia","2020-08-12",3.2253366
"Zambia","2020-08-13",11.214248
"Zambia","2020-08-14",8.038531
"Zambia","2020-08-15",17.764162
"Zambia","2020-08-16",8.187393
"Zambia","2020-08-17",7.7904286
"Zambia","2020-08-18",24.462938
"Zambia","2020-08-19",7.1949816
"Zambia","2020-08-20",11.760074
"Zambia","2020-08-21",7.6415668
"Zambia","2020-08-22",12.653244
"Zambia","2020-08-23",10.122595
"Zambia","2020-08-24",12.4547615
"Zambia","2020-08-25",3.2749572
"Zambia","2020-08-26",4.41623
"Zambia","2020-08-27",6.8972583
"Zambia","2020-08-28",11.164627
"Zambia","2020-08-29",8.83246
"Zambia","2020-08-30",6.103329
"Zambia","2020-08-31",6.103329
"Zambia","2020-09-01",3.5726807
"Zambia","2020-09-02",14.09224
"Zambia","2020-09-03",1.6870992
"Zambia","2020-09-04",5.3590207
"Zambia","2020-09-05",5.7559853
"Zambia","2020-09-06",3.4734395
"Zambia","2020-09-07",3.3245778
"Zambia","2020-09-08",2.977234
"Zambia","2020-09-09",5.7559853
"Zambia","2020-09-10",7.93929
"Zambia","2020-09-11",5.0612974
"Zambia","2020-09-12",5.4086413
"Zambia","2020-09-13",7.095741
"Zambia","2020-09-14",3.622301
"Zambia","2020-09-15",8.981322
"Zambia","2020-09-16",4.912436
"Zambia","2020-09-17",3.3741984
"Zambia","2020-09-18",2.0344431
"Zambia","2020-09-19",4.763574
"Zambia","2020-09-20",2.282546
"Zambia","2020-09-21",3.0268545
"Zambia","2020-09-22",2.1833048
"Zambia","2020-09-23",10.618801
"Zambia","2020-09-24",2.6795104
"Zambia","2020-09-25",2.381787
"Zambia","2020-09-26",1.1908935
"Zambia","2020-09-27",4.8131948
"Zambia","2020-09-28",1.4389963
"Zambia","2020-09-29",0.9427907
"Zambia","2020-09-30",2.729131
"Zambia","2020-10-01",2.1833048
"Zambia","2020-10-02",2.1336842
"Zambia","2020-10-03",1.3893758
"Zambia","2020-10-04",7.1453614
"Zambia","2020-10-05",3.870404
"Zambia","2020-10-06",1.8359609
"Zambia","2020-10-07",4.0192657
"Zambia","2020-10-08",2.6795104
"Zambia","2020-10-09",3.8207834
"Zambia","2020-10-10",1.8855814
"Zambia","2020-10-11",3.7711627
"Zambia","2020-10-12",2.1336842
"Zambia","2020-10-13",4.5154715
"Zambia","2020-10-14",1.8855814
"Zambia","2020-10-15",1.4389963
"Zambia","2020-10-16",2.1336842
"Zambia","2020-10-17",2.62989
"Zambia","2020-10-18",3.8207834
"Zambia","2020-10-19",3.1757162
"Zambia","2020-10-20",2.1833048
"Zambia","2020-10-21",4.217748
"Zambia","2020-10-22",0.8931702
"Zambia","2020-10-23",1.7367197
"Zambia","2020-10-24",2.977234
"Zambia","2020-10-25",1.0916524
"Zambia","2020-10-26",0.99241126
"Zambia","2020-10-27",3.1260955
"Zambia","2020-10-28",2.1336842
"Zambia","2020-10-29",2.0840638
"Zambia","2020-10-30",1.9848225
"Zambia","2020-10-31",4.465851
"Zambia","2020-11-01",0.8435496
"Zambia","2020-11-02",2.381787
"Zambia","2020-11-03",3.1260955
"Zambia","2020-11-04",5.8552265
"Zambia","2020-11-05",1.8359609
"Zambia","2020-11-06",3.5726807
"Zambia","2020-11-07",2.4314077
"Zambia","2020-11-08",4.41623
"Zambia","2020-11-09",2.282546
"Zambia","2020-11-10",0.8435496
"Zambia","2020-11-11",1.2901347
"Zambia","2020-11-12",1.935202
"Zambia","2020-11-13",0.99241126
"Zambia","2020-11-14",1.8359609
"Zambia","2020-11-15",0.19848226
"Zambia","2020-11-16",1.2901347
"Zambia","2020-11-17",3.1757162
"Zambia","2020-11-18",2.7787516
"Zambia","2020-11-19",1.8359609
"Zambia","2020-11-20",3.4734395
"Zambia","2020-11-21",1.141273
"Zambia","2020-11-22",1.0420319
"Zambia","2020-11-23",1.488617
"Zambia","2020-11-24",1.488617
"Zambia","2020-11-25",0.59544677
"Zambia","2020-11-26",3.4238188
"Zambia","2020-11-27",0.8931702
"Zambia","2020-11-28",0.79392904
"Zambia","2020-11-29",0.99241126
"Zambia","2020-11-30",0.9427907
"Zambia","2020-12-01",1.935202
"Zambia","2020-12-02",0.8931702
"Zambia","2020-12-03",1.7367197
"Zambia","2020-12-04",1.488617
"Zambia","2020-12-05",6.3018117
"Zambia","2020-12-06",2.0344431
"Zambia","2020-12-07",0.8931702
"Zambia","2020-12-08",0.7443085
"Zambia","2020-12-09",1.5878581
"Zambia","2020-12-10",4.912436
"Zambia","2020-12-11",1.4389963
"Zambia","2020-12-12",3.4734395
"Zambia","2020-12-13",2.7787516
"Zambia","2020-12-14",2.8283722
"Zambia","2020-12-15",2.381787
"Zambia","2020-12-16",5.25978
"Zambia","2020-12-17",1.1908935
"Zambia","2020-12-18",2.5802693
"Zambia","2020-12-19",3.5726807
"Zambia","2020-12-20",2.1833048
"Zambia","2020-12-21",4.763574
"Zambia","2020-12-22",2.5802693
"Zambia","2020-12-23",5.607124
"Zambia","2020-12-24",11.958556
"Zambia","2020-12-25",5.557503
"Zambia","2020-12-26",16.72213
"Zambia","2020-12-27",4.962056
"Zambia","2020-12-28",8.088152
"Zambia","2020-12-29",5.4086413
"Zambia","2020-12-30",11.611212
"Zambia","2020-12-31",14.141861
"Zambia","2021-01-01",13.050208
"Zambia","2021-01-02",13.496794
"Zambia","2021-01-03",11.561591
"Zambia","2021-01-04",17.51606
"Zambia","2021-01-05",20.34443
"Zambia","2021-01-06",32.352608
"Zambia","2021-01-07",42.17748
"Zambia","2021-01-08",39.795692
"Zambia","2021-01-09",51.05956
"Zambia","2021-01-10",61.57912
"Zambia","2021-01-11",57.609474
"Zambia","2021-01-12",43.07065
"Zambia","2021-01-13",57.609474
"Zambia","2021-01-14",66.64042
"Zambia","2021-01-15",84.35496
"Zambia","2021-01-16",73.339195
"Zambia","2021-01-17",89.11853
"Zambia","2021-01-18",75.969086
"Zambia","2021-01-19",29.87158
"Zambia","2021-01-20",64.903694
"Zambia","2021-01-21",71.15589
"Zambia","2021-01-22",62.720394
"Zambia","2021-01-23",55.57503
"Zambia","2021-01-24",62.47229
"Zambia","2021-01-25",36.96732
"Zambia","2021-01-26",40.143036
"Zambia","2021-01-27",73.23995
"Zambia","2021-01-28",63.960907
"Zambia","2021-01-29",69.86575
"Zambia","2021-01-30",64.75484
"Zambia","2021-01-31",85.74433
"Zambia","2021-02-01",42.921787
"Zambia","2021-02-02",40.936966
"Zambia","2021-02-03",59.09809
"Zambia","2021-02-04",62.32343
"Zambia","2021-02-05",75.125534
"Zambia","2021-02-06",70.65968
"Zambia","2021-02-07",49.620564
"Zambia","2021-02-08",61.331017
"Zambia","2021-02-09",45.154713
"Zambia","2021-02-10",51.456524
"Zambia","2021-02-11",47.784603
"Zambia","2021-02-12",50.861076
"Zambia","2021-02-13",53.73907
"Zambia","2021-02-14",38.356697
"Zambia","2021-02-15",48.777016
"Zambia","2021-02-16",40.24228
"Zambia","2021-02-17",28.531824
"Zambia","2021-02-18",42.37596
"Zambia","2021-02-19",39.200245
"Zambia","2021-02-20",36.520737
"Zambia","2021-02-21",34.28781
"Zambia","2021-02-22",30.218924
"Zambia","2021-02-23",26.001175
"Zambia","2021-02-24",27.539413
"Zambia","2021-02-25",44.757748
"Zambia","2021-02-26",34.08933
"Zambia","2021-02-27",23.222424
"Zambia","2021-02-28",27.936377
"Zambia","2021-03-01",16.474028
"Zambia","2021-03-02",23.222424
"Zambia","2021-03-03",27.539413
"Zambia","2021-03-04",26.447762
"Zambia","2021-03-05",29.623476
"Zambia","2021-03-06",32.451847
"Zambia","2021-03-07",33.245777
"Zambia","2021-03-08",20.34443
"Zambia","2021-03-09",11.611212
"Zambia","2021-03-10",12.008177
"Zambia","2021-03-11",21.634565
"Zambia","2021-03-12",28.779926
"Zambia","2021-03-13",16.225924
"Zambia","2021-03-14",11.611212
"Zambia","2021-03-15",16.027443
"Zambia","2021-03-16",7.591946
"Zambia","2021-03-17",14.389963
"Zambia","2021-03-18",13.000587
"Zambia","2021-03-19",19.203157
"Zambia","2021-03-20",8.435496
"Zambia","2021-03-21",10.618801
"Zambia","2021-03-22",8.733219
"Zambia","2021-03-23",4.2673683
"Zambia","2021-03-24",12.107418
"Zambia","2021-03-25",10.618801
"Zambia","2021-03-26",16.126684
"Zambia","2021-03-27",13.149449
"Zambia","2021-03-28",7.1453614
"Zambia","2021-03-29",7.1949816
"Zambia","2021-03-30",6.946879
"Zambia","2021-03-31",9.279045
"Zambia","2021-04-01",10.866903
"Zambia","2021-04-02",6.5002937
"Zambia","2021-04-03",8.981322
"Zambia","2021-04-04",3.4734395
"Zambia","2021-04-05",6.450673
"Zambia","2021-04-06",3.9200246
"Zambia","2021-04-07",3.076475
"Zambia","2021-04-08",15.630478
"Zambia","2021-04-09",10.221836
"Zambia","2021-04-10",9.477528
"Zambia","2021-04-11",6.6987762
"Zambia","2021-04-12",5.5078826
"Zambia","2021-04-13",1.7367197
"Zambia","2021-04-14",7.6415668
"Zambia","2021-04-15",8.485116
"Zambia","2021-04-16",7.095741
"Zambia","2021-04-17",10.817283
"Zambia","2021-04-18",4.664333
"Zambia","2021-04-19",3.6719217
"Zambia","2021-04-20",1.1908935
"Zambia","2021-04-21",4.962056
"Zambia","2021-04-22",3.8207834
"Zambia","2021-04-23",3.4734395
"Zambia","2021-04-24",3.076475
"Zambia","2021-04-25",3.2749572
"Zambia","2021-04-26",2.0344431
"Zambia","2021-04-27",0.99241126
"Zambia","2021-04-28",1.9848225
"Zambia","2021-04-29",3.2749572
"Zambia","2021-04-30",2.4314077
"Zambia","2021-05-01",2.62989
"Zambia","2021-05-02",4.1681275
"Zambia","2021-05-03",1.141273
"Zambia","2021-05-04",1.4389963
"Zambia","2021-05-05",4.0688863
"Zambia","2021-05-06",2.2329254
"Zambia","2021-05-07",4.8131948
"Zambia","2021-05-08",2.8779926
"Zambia","2021-05-09",2.62989
"Zambia","2021-05-10",1.7367197
"Zambia","2021-05-11",0.99241126
"Zambia","2021-05-12",1.9848225
"Zambia","2021-05-13",2.9276133
"Zambia","2021-05-14",2.5306487
"Zambia","2021-05-15",4.664333
"Zambia","2021-05-16",2.62989
"Zambia","2021-05-17",1.3397552
"Zambia","2021-05-18",1.1908935
"Zambia","2021-05-19",2.977234
"Zambia","2021-05-20",5.458262
"Zambia","2021-05-21",6.15295
"Zambia","2021-05-22",8.237014
"Zambia","2021-05-23",9.229424
"Zambia","2021-05-24",4.7139535
"Zambia","2021-05-25",3.870404
"Zambia","2021-05-26",7.393464
"Zambia","2021-05-27",9.874493
"Zambia","2021-05-28",15.87858
"Zambia","2021-05-29",23.966732
"Zambia","2021-05-30",15.928201
"Zambia","2021-05-31",14.836549
"Zambia","2021-06-01",10.5691805
"Zambia","2021-06-02",27.688274
"Zambia","2021-06-03",36.81846
"Zambia","2021-06-04",40.936966
"Zambia","2021-06-05",49.025116
"Zambia","2021-06-06",57.758335
"Zambia","2021-06-07",36.619976
"Zambia","2021-06-08",24.165215
"Zambia","2021-06-09",61.082912
"Zambia","2021-06-10",87.679535
"Zambia","2021-06-11",106.48573
"Zambia","2021-06-12",102.46646
"Zambia","2021-06-13",117.00529
"Zambia","2021-06-14",70.163475
"Zambia","2021-06-15",68.873344
"Zambia","2021-06-16",133.47932
"Zambia","2021-06-17",150.15182
"Zambia","2021-06-18",168.4122
"Zambia","2021-06-19",144.54471
"Zambia","2021-06-20",90.11095
"Zambia","2021-06-21",102.21836
"Zambia","2021-06-22",79.29366
"Zambia","2021-06-23",150.25107
"Zambia","2021-06-24",167.07243
"Zambia","2021-06-25",178.3363
"Zambia","2021-06-26",128.76537
"Zambia","2021-06-27",139.7315
"Zambia","2021-06-28",125.88737
"Zambia","2021-06-29",54.235275
"Zambia","2021-06-30",118.84125
"Zambia","2021-07-01",143.50267
"Zambia","2021-07-02",143.10571
"Zambia","2021-07-03",137.99478
"Zambia","2021-07-04",92.98894
"Zambia","2021-07-05",89.06891
"Zambia","2021-07-06",61.082912
"Zambia","2021-07-07",80.33569
"Zambia","2021-07-08",92.84007
"Zambia","2021-07-09",72.09868
"Zambia","2021-07-10",96.71048
"Zambia","2021-07-11",118.295425
"Zambia","2021-07-12",46.64333
"Zambia","2021-07-13",50.265633
"Zambia","2021-07-14",99.53885
"Zambia","2021-07-15",89.36664
"Zambia","2021-07-16",78.40049
"Zambia","2021-07-17",60.288986
"Zambia","2021-07-18",65.89611
"Zambia","2021-07-19",48.47929
"Zambia","2021-07-20",31.260956
"Zambia","2021-07-21",65.648
"Zambia","2021-07-22",48.18157
"Zambia","2021-07-23",57.460613
"Zambia","2021-07-24",43.86458
"Zambia","2021-07-25",45.253956
"Zambia","2021-07-26",26.993587
"Zambia","2021-07-27",12.157038
"Zambia","2021-07-28",31.75716
"Zambia","2021-07-29",23.619389
"Zambia","2021-07-30",35.13136
"Zambia","2021-07-31",47.43726
"Zambia","2021-08-01",35.726807
"Zambia","2021-08-02",23.669008
"Zambia","2021-08-03",9.775251
"Zambia","2021-08-04",31.409817
"Zambia","2021-08-05",33.146538
"Zambia","2021-08-06",32.948055
"Zambia","2021-08-07",33.741985
"Zambia","2021-08-08",26.150038
"Zambia","2021-08-09",19.203157
"Zambia","2021-08-10",7.5423255
"Zambia","2021-08-11",31.211334
"Zambia","2021-08-12",25.40573
"Zambia","2021-08-13",21.237602
"Zambia","2021-08-14",4.8131948
"Zambia","2021-08-15",10.469939
"Zambia","2021-08-16",9.080564
"Zambia","2021-08-17",8.336255
"Zambia","2021-08-18",17.764162
"Zambia","2021-08-19",18.955055
"Zambia","2021-08-20",19.054296
"Zambia","2021-08-21",21.08874
"Zambia","2021-08-22",17.813782
"Zambia","2021-08-23",10.51956
"Zambia","2021-08-24",5.0612974
"Zambia","2021-08-25",16.176304
"Zambia","2021-08-26",6.450673
"Zambia","2021-08-27",10.321077
"Zambia","2021-08-28",19.302399
"Zambia","2021-08-29",9.378286
"Zambia","2021-08-30",7.8400493
"Zambia","2021-08-31",4.664333
"Zambia","2021-09-01",9.030943
"Zambia","2021-09-02",9.67601
"Zambia","2021-09-03",9.080564
"Zambia","2021-09-04",8.882081
"Zambia","2021-09-05",7.1453614
"Zambia","2021-09-06",4.2673683
"Zambia","2021-09-07",2.62989
"Zambia","2021-09-08",6.3018117
"Zambia","2021-09-09",7.3438435
"Zambia","2021-09-10",5.8552265
"Zambia","2021-09-11",6.748397
"Zambia","2021-09-12",6.946879
"Zambia","2021-09-13",5.0612974
"Zambia","2021-09-14",1.0916524
"Zambia","2021-09-15",4.41623
"Zambia","2021-09-16",5.557503
"Zambia","2021-09-17",5.25978
"Zambia","2021-09-18",4.2673683
"Zambia","2021-09-19",3.4238188
"Zambia","2021-09-20",2.3321664
"Zambia","2021-09-21",1.6374786
"Zambia","2021-09-22",4.8131948
"Zambia","2021-09-23",3.8207834
"Zambia","2021-09-24",1.935202
"Zambia","2021-09-25",3.1260955
"Zambia","2021-09-26",2.5306487
"Zambia","2021-09-27",1.3893758
"Zambia","2021-09-28",0.49620563
"Zambia","2021-09-29",2.2329254
"Zambia","2021-09-30",4.465851
"Zambia","2021-10-01",2.1833048
"Zambia","2021-10-02",3.3741984
"Zambia","2021-10-03",1.3893758
"Zambia","2021-10-04",1.0420319
"Zambia","2021-10-05",0.4465851
"Zambia","2021-10-06",1.3397552
"Zambia","2021-10-07",2.4314077
"Zambia","2021-10-08",1.7367197
"Zambia","2021-10-09",1.5878581
"Zambia","2021-10-10",1.0420319
"Zambia","2021-10-11",0.5458262
"Zambia","2021-10-12",0.29772338
"Zambia","2021-10-13",2.1336842
"Zambia","2021-10-14",0.7443085
"Zambia","2021-10-15",0.99241126
"Zambia","2021-10-16",2.282546
"Zambia","2021-10-17",1.3893758
"Zambia","2021-10-18",0.79392904
"Zambia","2021-10-19",0.7443085
"Zambia","2021-10-20",0.64506733
"Zambia","2021-10-21",1.0916524
"Zambia","2021-10-22",0.8931702
"Zambia","2021-10-23",1.0420319
"Zambia","2021-10-24",0.9427907
"Zambia","2021-10-25",0.24810281
"Zambia","2021-10-26",0.24810281
"Zambia","2021-10-27",0.4465851
"Zambia","2021-10-28",0.4465851
"Zambia","2021-10-29",0.7443085
"Zambia","2021-10-30",1.488617
"Zambia","2021-10-31",0.99241126
"Zambia","2021-11-01",0.59544677
"Zambia","2021-11-02",0.24810281
"Zambia","2021-11-03",1.0420319
"Zambia","2021-11-04",1.0420319
"Zambia","2021-11-05",1.6870992
"Zambia","2021-11-06",1.8359609
"Zambia","2021-11-07",0.8435496
"Zambia","2021-11-08",1.6374786
"Zambia","2021-11-09",0.29772338
"Zambia","2021-11-10",0.49620563
"Zambia","2021-11-11",1.0420319
"Zambia","2021-11-12",0.6946879
"Zambia","2021-11-13",0.49620563
"Zambia","2021-11-14",0.39696452
"Zambia","2021-11-15",0.59544677
"Zambia","2021-11-16",0.64506733
"Zambia","2021-11-17",0.59544677
"Zambia","2021-11-18",0.59544677
"Zambia","2021-11-19",0.79392904
"Zambia","2021-11-20",0.34734395
"Zambia","2021-11-21",0.6946879
"Zambia","2021-11-22",0.64506733
"Zambia","2021-11-23",0.14886169
"Zambia","2021-11-24",0.8435496
"Zambia","2021-11-25",0.4465851
"Zambia","2021-11-26",0.64506733
"Zambia","2021-11-27",0.29772338
"Zambia","2021-11-28",0.99241126
"Zambia","2021-11-29",0.24810281
"Zambia","2021-11-30",0.34734395
"Zambia","2021-12-01",0.9427907
"Zambia","2021-12-02",1.2901347
"Zambia","2021-12-03",1.240514
"Zambia","2021-12-04",2.0840638
"Zambia","2021-12-05",1.5878581
"Zambia","2021-12-06",0.8931702
"Zambia","2021-12-07",0.7443085
"Zambia","2021-12-08",2.3321664
"Zambia","2021-12-09",3.076475
"Zambia","2021-12-10",6.252191
"Zambia","2021-12-11",8.038531
"Zambia","2021-12-12",11.660832
"Zambia","2021-12-13",5.8552265
"Zambia","2021-12-14",7.7904286
"Zambia","2021-12-15",23.371286
"Zambia","2021-12-16",28.432583
"Zambia","2021-12-17",42.723305
"Zambia","2021-12-18",64.20901
"Zambia","2021-12-19",51.555767
"Zambia","2021-12-20",51.406906
"Zambia","2021-12-21",30.218924
"Zambia","2021-12-22",94.5768
"Zambia","2021-12-23",141.76595
"Zambia","2021-12-24",167.7175
"Zambia","2021-12-25",182.20671
"Zambia","2021-12-26",131.44487
"Zambia","2021-12-27",76.36605
"Zambia","2021-12-28",67.285484
"Zambia","2021-12-29",193.86754
"Zambia","2021-12-30",260.75607
"Zambia","2021-12-31",275.64224
"Zambia","2022-01-01",252.12209
"Zambia","2022-01-02",182.30595
"Zambia","2022-01-03",85.79395
"Zambia","2022-01-04",76.61415
"Zambia","2022-01-05",211.28436
"Zambia","2022-01-06",223.88799
"Zambia","2022-01-07",203.24583
"Zambia","2022-01-08",207.86055
"Zambia","2022-01-09",163.74786
"Zambia","2022-01-10",65.89611
"Zambia","2022-01-11",73.68654
"Zambia","2022-01-12",135.01755
"Zambia","2022-01-13",114.3754
"Zambia","2022-01-14",107.52776
"Zambia","2022-01-15",104.84825
"Zambia","2022-01-16",66.14421
"Zambia","2022-01-17",54.7811
"Zambia","2022-01-18",33.990086
"Zambia","2022-01-19",60.288986
"Zambia","2022-01-20",56.567444
"Zambia","2022-01-21",39.64683
"Zambia","2022-01-22",30.566267
"Zambia","2022-01-23",30.566267
"Zambia","2022-01-24",21.18798
"Zambia","2022-01-25",14.588446
"Zambia","2022-01-26",32.005264
"Zambia","2022-01-27",34.585533
"Zambia","2022-01-28",36.520737
"Zambia","2022-01-29",17.416819
"Zambia","2022-01-30",15.035031
"Zambia","2022-01-31",13.19907
"Zambia","2022-02-01",6.2025704
"Zambia","2022-02-02",25.306488
"Zambia","2022-02-03",0
"Zambia","2022-02-04",39.200245
"Zambia","2022-02-05",21.336842
"Zambia","2022-02-06",0
"Zambia","2022-02-07",21.287222
"Zambia","2022-02-08",5.5078826
"Zambia","2022-02-09",15.828959
"Zambia","2022-02-10",20.542913
"Zambia","2022-02-11",25.108006
"Zambia","2022-02-12",22.676598
"Zambia","2022-02-13",13.893758
"Zambia","2022-02-14",10.370698
"Zambia","2022-02-15",3.8207834
"Zambia","2022-02-16",14.439584
"Zambia","2022-02-17",14.141861
"Zambia","2022-02-18",15.828959
"Zambia","2022-02-19",14.389963
"Zambia","2022-02-20",12.504382
"Zambia","2022-02-21",8.83246
"Zambia","2022-02-22",3.4734395
"Zambia","2022-02-23",16.275545
"Zambia","2022-02-24",14.687687
"Zambia","2022-02-25",11.412729
"Zambia","2022-02-26",12.702865
"Zambia","2022-02-27",11.760074
"Zambia","2022-02-28",4.763574
"Zambia","2022-03-01",2.1336842
"Zambia","2022-03-02",0
"Zambia","2022-03-03",22.478115
"Zambia","2022-03-04",9.477528
"Zambia","2022-03-05",10.866903
"Zambia","2022-03-06",6.5002937
"Zambia","2022-03-07",3.8207834
"Zambia","2022-03-08",4.41623
"Zambia","2022-03-09",12.35552
"Zambia","2022-03-10",23.917112
"Zambia","2022-03-11",10.370698
"Zambia","2022-03-12",6.748397
"Zambia","2022-03-13",8.038531
"Zambia","2022-03-14",2.6795104
"Zambia","2022-03-15",0
"Zambia","2022-03-16",8.882081
"Zambia","2022-03-17",5.7063646
"Zambia","2022-03-18",6.3018117
"Zambia","2022-03-19",0
"Zambia","2022-03-20",13.347932
"Zambia","2022-03-21",0
"Zambia","2022-03-22",0
"Zambia","2022-03-23",9.725631
"Zambia","2022-03-24",0
"Zambia","2022-03-25",11.115006
"Zambia","2022-03-26",5.458262
"Zambia","2022-03-27",3.9200246
"Zambia","2022-03-28",2.4314077
"Zambia","2022-03-29",0
"Zambia","2022-03-30",0
"Zambia","2022-03-31",0
"Zambia","2022-04-01",14.886169
"Zambia","2022-04-02",4.5154715
"Zambia","2022-04-03",4.465851
"Zambia","2022-04-04",0
"Zambia","2022-04-05",3.9200246
"Zambia","2022-04-06",5.5078826
"Zambia","2022-04-07",6.798017
"Zambia","2022-04-08",6.2025704
"Zambia","2022-04-09",0
"Zambia","2022-04-10",0
"Zambia","2022-04-11",0
"Zambia","2022-04-12",15.928201
"Zambia","2022-04-13",0
"Zambia","2022-04-14",0
"Zambia","2022-04-15",21.08874
"Zambia","2022-04-16",8.6835985
"Zambia","2022-04-17",3.1260955
"Zambia","2022-04-18",2.381787
"Zambia","2022-04-19",0
"Zambia","2022-04-20",6.2025704
"Zambia","2022-04-21",0
"Zambia","2022-04-22",17.069473
"Zambia","2022-04-23",0
"Zambia","2022-04-24",0
"Zambia","2022-04-25",0
"Zambia","2022-04-26",16.474028
"Zambia","2022-04-27",5.7063646
"Zambia","2022-04-28",0
"Zambia","2022-04-29",8.088152
"Zambia","2022-04-30",0
"Zambia","2022-05-01",0
"Zambia","2022-05-02",6.8972583
"Zambia","2022-05-03",1.0916524
"Zambia","2022-05-04",1.4389963
"Zambia","2022-05-05",4.614712
"Zambia","2022-05-06",0
"Zambia","2022-05-07",7.88967
"Zambia","2022-05-08",0
"Zambia","2022-05-09",4.465851
"Zambia","2022-05-10",1.5382375
"Zambia","2022-05-11",3.4238188
"Zambia","2022-05-12",3.8207834
"Zambia","2022-05-13",5.4086413
"Zambia","2022-05-14",3.4238188
"Zambia","2022-05-15",0
"Zambia","2022-05-16",0
"Zambia","2022-05-17",9.874493
"Zambia","2022-05-18",3.8207834
"Zambia","2022-05-19",9.328666
"Zambia","2022-05-20",0
"Zambia","2022-05-21",5.1605387
"Zambia","2022-05-22",0
"Zambia","2022-05-23",4.8131948
"Zambia","2022-05-24",7.393464
"Zambia","2022-05-25",0
"Zambia","2022-05-26",2.3321664
"Zambia","2022-05-27",2.8283722
"Zambia","2022-05-28",5.1605387
"Zambia","2022-05-29",0
"Zambia","2022-05-30",0
"Zambia","2022-05-31",0
"Zambia","2022-06-01",13.695275
"Zambia","2022-06-02",0
"Zambia","2022-06-03",14.241102
"Zambia","2022-06-04",6.9964995
"Zambia","2022-06-05",4.0688863
"Zambia","2022-06-06",2.977234
"Zambia","2022-06-07",3.6719217
"Zambia","2022-06-08",6.8972583
"Zambia","2022-06-09",11.313489
"Zambia","2022-06-10",6.401053
"Zambia","2022-06-11",0
"Zambia","2022-06-12",0
"Zambia","2022-06-13",18.061886
"Zambia","2022-06-14",2.6795104
"Zambia","2022-06-15",7.740808
"Zambia","2022-06-16",7.9889107
"Zambia","2022-06-17",0
"Zambia","2022-06-18",18.40923
"Zambia","2022-06-19",0
"Zambia","2022-06-20",13.050208
"Zambia","2022-06-21",2.282546
"Zambia","2022-06-22",0
"Zambia","2022-06-23",0
"Zambia","2022-06-24",29.176891
"Zambia","2022-06-25",9.328666
"Zambia","2022-06-26",6.8476377
"Zambia","2022-06-27",0
"Zambia","2022-06-28",4.962056
"Zambia","2022-06-29",0
"Zambia","2022-06-30",0
"Zambia","2022-07-01",0
"Zambia","2022-07-02",0
"Zambia","2022-07-03",0
"Zambia","2022-07-04",0
"Zambia","2022-07-05",47.238777
"Zambia","2022-07-06",0
"Zambia","2022-07-07",0
"Zambia","2022-07-08",0
"Zambia","2022-07-09",24.512558
"Zambia","2022-07-10",0
"Zambia","2022-07-11",0
"Zambia","2022-07-12",15.2831335
"Zambia","2022-07-13",0
"Zambia","2022-07-14",0
"Zambia","2022-07-15",0
"Zambia","2022-07-16",44.261543
"Zambia","2022-07-17",0
"Zambia","2022-07-18",0
"Zambia","2022-07-19",0
"Zambia","2022-07-20",27.589033
"Zambia","2022-07-21",0
"Zambia","2022-07-22",0
"Zambia","2022-07-23",0
"Zambia","2022-07-24",0
"Zambia","2022-07-25",0
"Zambia","2022-07-26",46.295986
"Zambia","2022-07-27",0
"Zambia","2022-07-28",0
"Zambia","2022-07-29",0
"Zambia","2022-07-30",0
"Zambia","2022-07-31",0
"Zambia","2022-08-01",0
"Zambia","2022-08-02",50.910698
"Zambia","2022-08-03",0
"Zambia","2022-08-04",0
"Zambia","2022-08-05",0
"Zambia","2022-08-06",0
"Zambia","2022-08-07",0
"Zambia","2022-08-08",0
"Zambia","2022-08-09",0
"Zambia","2022-08-10",0
"Zambia","2022-08-11",0
"Zambia","2022-08-12",0
"Zambia","2022-08-13",0
"Zambia","2022-08-14",74.67895
"Zambia","2022-08-15",0
"Zambia","2022-08-16",0
"Zambia","2022-08-17",0
"Zambia","2022-08-18",12.405141
"Zambia","2022-08-19",0
"Zambia","2022-08-20",0
"Zambia","2022-08-21",0
"Zambia","2022-08-22",0
"Zambia","2022-08-23",13.050208
"Zambia","2022-08-24",0
"Zambia","2022-08-25",0
"Zambia","2022-08-26",0
"Zambia","2022-08-27",0
"Zambia","2022-08-28",0
"Zambia","2022-08-29",0
"Zambia","2022-08-30",14.638066
"Zambia","2022-08-31",0
"Zambia","2022-09-01",0
"Zambia","2022-09-02",0
"Zambia","2022-09-03",0
"Zambia","2022-09-04",0
"Zambia","2022-09-05",0
"Zambia","2022-09-06",0
"Zambia","2022-09-07",0
"Zambia","2022-09-08",0
"Zambia","2022-09-09",0
"Zambia","2022-09-10",0
"Zambia","2022-09-11",0
"Zambia","2022-09-12",20.19557
"Zambia","2022-09-13",0
"Zambia","2022-09-14",0
"Zambia","2022-09-15",0
"Zambia","2022-09-16",0
"Zambia","2022-09-17",0
"Zambia","2022-09-18",0
"Zambia","2022-09-19",0
"Zambia","2022-09-20",7.8400493
"Zambia","2022-09-21",0
"Zambia","2022-09-22",0
"Zambia","2022-09-23",0
"Zambia","2022-09-24",0
"Zambia","2022-09-25",0
"Zambia","2022-09-26",0
"Zambia","2022-09-27",0
"Zambia","2022-09-28",5.7559853
"Zambia","2022-09-29",0
"Zambia","2022-09-30",0
"Zambia","2022-10-01",0
"Zambia","2022-10-02",2.282546
"Zambia","2022-10-03",0
"Zambia","2022-10-04",0.29772338
"Zambia","2022-10-05",0
"Zambia","2022-10-06",0
"Zambia","2022-10-07",0
"Zambia","2022-10-08",0
"Zambia","2022-10-09",0
"Zambia","2022-10-10",0
"Zambia","2022-10-11",3.4238188
"Zambia","2022-10-12",0
"Zambia","2022-10-13",0
"Zambia","2022-10-14",0
"Zambia","2022-10-15",0
"Zambia","2022-10-16",0
"Zambia","2022-10-17",0
"Zambia","2022-10-18",0.99241126
"Zambia","2022-10-19",0
"Zambia","2022-10-20",0
"Zambia","2022-10-21",0
"Zambia","2022-10-22",0
"Zambia","2022-10-23",0
"Zambia","2022-10-24",0
"Zambia","2022-10-25",0
"Zambia","2022-10-26",0
"Zambia","2022-10-27",0
"Zambia","2022-10-28",1.240514
"Zambia","2022-10-29",0
"Zambia","2022-10-30",0
"Zambia","2022-10-31",0
"Zambia","2022-11-01",0
"Zambia","2022-11-02",0
"Zambia","2022-11-03",0.79392904
"Zambia","2022-11-04",0
"Zambia","2022-11-05",0
"Zambia","2022-11-06",0
"Zambia","2022-11-07",0
"Zambia","2022-11-08",0
"Zambia","2022-11-09",0
"Zambia","2022-11-10",0
"Zambia","2022-11-11",0
"Zambia","2022-11-12",0
"Zambia","2022-11-13",0
"Zambia","2022-11-14",0.049620565
"Zambia","2022-11-15",0
"Zambia","2022-11-16",0
"Zambia","2022-11-17",0
"Zambia","2022-11-18",0
"Zambia","2022-11-19",0
"Zambia","2022-11-20",0
"Zambia","2022-11-21",1.7367197
"Zambia","2022-11-22",0
"Zambia","2022-11-23",0
"Zambia","2022-11-24",0
"Zambia","2022-11-25",0
"Zambia","2022-11-26",0
"Zambia","2022-11-27",0
"Zambia","2022-11-28",1.240514
"Zambia","2022-11-29",0
"Zambia","2022-11-30",0
"Zambia","2022-12-01",0
"Zambia","2022-12-02",0
"Zambia","2022-12-03",0
"Zambia","2022-12-04",0
"Zambia","2022-12-05",0
"Zambia","2022-12-06",0
"Zambia","2022-12-07",0
"Zambia","2022-12-08",0
"Zambia","2022-12-09",0
"Zambia","2022-12-10",0
"Zambia","2022-12-11",0
"Zambia","2022-12-12",0
"Zambia","2022-12-13",0
"Zambia","2022-12-14",0
"Zambia","2022-12-15",0
"Zambia","2022-12-16",0
"Zambia","2022-12-17",0
"Zambia","2022-12-18",0
"Zambia","2022-12-19",7.88967
"Zambia","2022-12-20",0
"Zambia","2022-12-21",0
"Zambia","2022-12-22",0
"Zambia","2022-12-23",0
"Zambia","2022-12-24",5.7559853
"Zambia","2022-12-25",2.2329254
"Zambia","2022-12-26",0
"Zambia","2022-12-27",0
"Zambia","2022-12-28",0
"Zambia","2022-12-29",6.450673
"Zambia","2022-12-30",0
"Zambia","2022-12-31",0
"Zambia","2023-01-01",18.955055
"Zambia","2023-01-02",0
"Zambia","2023-01-03",0
"Zambia","2023-01-04",0
"Zambia","2023-01-05",0
"Zambia","2023-01-06",0
"Zambia","2023-01-07",0
"Zambia","2023-01-08",0
"Zambia","2023-01-09",52.74666
"Zambia","2023-01-10",0
"Zambia","2023-01-11",0
"Zambia","2023-01-12",0
"Zambia","2023-01-13",49.570942
"Zambia","2023-01-14",0
"Zambia","2023-01-15",0
"Zambia","2023-01-16",40.589622
"Zambia","2023-01-17",0
"Zambia","2023-01-18",15.977821
"Zambia","2023-01-19",0
"Zambia","2023-01-20",0
"Zambia","2023-01-21",0
"Zambia","2023-01-22",0
"Zambia","2023-01-23",65.10218
"Zambia","2023-01-24",0
"Zambia","2023-01-25",0
"Zambia","2023-01-26",32.302986
"Zambia","2023-01-27",0
"Zambia","2023-01-28",0
"Zambia","2023-01-29",0
"Zambia","2023-01-30",0
"Zambia","2023-01-31",0
"Zambia","2023-02-01",50.612976
"Zambia","2023-02-02",8.981322
"Zambia","2023-02-03",0
"Zambia","2023-02-04",0
"Zambia","2023-02-05",0
"Zambia","2023-02-06",37.01694
"Zambia","2023-02-07",0
"Zambia","2023-02-08",0
"Zambia","2023-02-09",0
"Zambia","2023-02-10",0
"Zambia","2023-02-11",0
"Zambia","2023-02-12",0
"Zambia","2023-02-13",31.112093
"Zambia","2023-02-14",0
"Zambia","2023-02-15",0
"Zambia","2023-02-16",0
"Zambia","2023-02-17",0
"Zambia","2023-02-18",0
"Zambia","2023-02-19",0
"Zambia","2023-02-20",19.35202
"Zambia","2023-02-21",0
"Zambia","2023-02-22",0
"Zambia","2023-02-23",0
"Zambia","2023-02-24",0
"Zambia","2023-02-25",0
"Zambia","2023-02-26",0
"Zambia","2023-02-27",12.256279
"Zambia","2023-02-28",0
"Zambia","2023-03-01",0
"Zambia","2023-03-02",0
"Zambia","2023-03-03",0
"Zambia","2023-03-04",0
"Zambia","2023-03-05",0
"Zambia","2023-03-06",8.981322
"Zambia","2023-03-07",0
"Zambia","2023-03-08",0
"Zambia","2023-03-09",0
"Zambia","2023-03-10",0
"Zambia","2023-03-11",0
"Zambia","2023-03-12",0
"Zambia","2023-03-13",5.7063646
"Zambia","2023-03-14",0
"Zambia","2023-03-15",0
"Zambia","2023-03-16",0
"Zambia","2023-03-17",0
"Zambia","2023-03-18",0
"Zambia","2023-03-19",0
"Zambia","2023-03-20",8.187393
"Zambia","2023-03-21",0
"Zambia","2023-03-22",0
"Zambia","2023-03-23",0
"Zambia","2023-03-24",0
"Zambia","2023-03-25",0
"Zambia","2023-03-26",0
"Zambia","2023-03-27",7.4927053
"Zambia","2023-03-28",0
"Zambia","2023-03-29",0
"Zambia","2023-03-30",0
"Zambia","2023-03-31",0
"Zambia","2023-04-01",0
"Zambia","2023-04-02",0
"Zambia","2023-04-03",5.3590207
"Zambia","2023-04-04",0
"Zambia","2023-04-05",0
"Zambia","2023-04-06",0
"Zambia","2023-04-07",0
"Zambia","2023-04-08",0
"Zambia","2023-04-09",3.9200246
"Zambia","2023-04-10",0
"Zambia","2023-04-11",0
"Zambia","2023-04-12",0
"Zambia","2023-04-13",0
"Zambia","2023-04-14",2.481028
"Zambia","2023-04-15",0
"Zambia","2023-04-16",0
"Zambia","2023-04-17",0
"Zambia","2023-04-18",0
"Zambia","2023-04-19",0
"Zambia","2023-04-20",0
"Zambia","2023-04-21",0
"Zambia","2023-04-22",0
"Zambia","2023-04-23",0
"Zambia","2023-04-24",3.870404
"Zambia","2023-04-25",0
"Zambia","2023-04-26",0
"Zambia","2023-04-27",0
"Zambia","2023-04-28",0
"Zambia","2023-04-29",0
"Zambia","2023-04-30",1.4389963
"Zambia","2023-05-01",0.049620565
"Zambia","2023-05-02",0
"Zambia","2023-05-03",0
"Zambia","2023-05-04",0
"Zambia","2023-05-05",0
"Zambia","2023-05-06",0
"Zambia","2023-05-07",0
"Zambia","2023-05-08",0
"Zambia","2023-05-09",0
"Zambia","2023-05-10",0
"Zambia","2023-05-11",0
"Zambia","2023-05-12",4.1681275
"Zambia","2023-05-13",0
"Zambia","2023-05-14",0
"Zambia","2023-05-15",0
"Zambia","2023-05-16",0
"Zambia","2023-05-17",0
"Zambia","2023-05-18",0
"Zambia","2023-05-19",0
"Zambia","2023-05-20",0
"Zambia","2023-05-21",0
"Zambia","2023-05-22",0
"Zambia","2023-05-23",0
"Zambia","2023-05-24",0
"Zambia","2023-05-25",0
"Zambia","2023-05-26",0
"Zambia","2023-05-27",0
"Zambia","2023-05-28",0
"Zambia","2023-05-29",0
"Zambia","2023-05-30",0
"Zambia","2023-05-31",0
"Zambia","2023-06-01",0
"Zambia","2023-06-02",0
"Zambia","2023-06-03",52.74666
"Zambia","2023-06-04",0
"Zambia","2023-06-05",0
"Zambia","2023-06-06",0
"Zambia","2023-06-07",0
"Zambia","2023-06-08",0
"Zambia","2023-06-09",0
"Zambia","2023-06-10",0
"Zambia","2023-06-11",0
"Zambia","2023-06-12",0
"Zambia","2023-06-13",0
"Zambia","2023-06-14",0
"Zambia","2023-06-15",0
"Zambia","2023-06-16",0
"Zambia","2023-06-17",44.80737
"Zambia","2023-06-18",0
"Zambia","2023-06-19",0
"Zambia","2023-06-20",0
"Zambia","2023-06-21",0
"Zambia","2023-06-22",0
"Zambia","2023-06-23",52.64742
"Zambia","2023-06-24",0
"Zambia","2023-06-25",0
"Zambia","2023-06-26",26.298899
"Zambia","2023-06-27",0
"Zambia","2023-06-28",0
"Zambia","2023-06-29",0
"Zambia","2023-06-30",0
"Zambia","2023-07-01",0
"Zambia","2023-07-02",0
"Zambia","2023-07-03",49.967907
"Zambia","2023-07-04",0
"Zambia","2023-07-05",0
"Zambia","2023-07-06",0
"Zambia","2023-07-07",0
"Zambia","2023-07-08",0
"Zambia","2023-07-09",0
"Zambia","2023-07-10",22.329254
"Zambia","2023-07-11",0
"Zambia","2023-07-12",0
"Zambia","2023-07-13",0
"Zambia","2023-07-14",0
"Zambia","2023-07-15",0
"Zambia","2023-07-16",0
"Zambia","2023-07-17",13.794517
"Zambia","2023-07-18",0
"Zambia","2023-07-19",0
"Zambia","2023-07-20",0
"Zambia","2023-07-21",0
"Zambia","2023-07-22",0
"Zambia","2023-07-23",0
"Zambia","2023-07-24",0
"Zambia","2023-07-25",0
"Zambia","2023-07-26",0
"Zambia","2023-07-27",0
"Zambia","2023-07-28",0
"Zambia","2023-07-29",0
"Zambia","2023-07-30",0
"Zambia","2023-07-31",0
"Zambia","2023-08-01",0
"Zambia","2023-08-02",0
"Zambia","2023-08-03",0
"Zambia","2023-08-04",0
"Zambia","2023-08-05",0
"Zambia","2023-08-06",0
"Zambia","2023-08-07",0
"Zambia","2023-08-08",0
"Zambia","2023-08-09",0
"Zambia","2023-08-10",0
"Zambia","2023-08-11",0
"Zambia","2023-08-12",0
"Zambia","2023-08-13",0
"Zambia","2023-08-14",0
"Zambia","2023-08-15",0
"Zambia","2023-08-16",0
"Zambia","2023-08-17",0
"Zambia","2023-08-18",0
"Zambia","2023-08-19",0
"Zambia","2023-08-20",0
"Zambia","2023-08-21",0
"Zambia","2023-08-22",0
"Zambia","2023-08-23",0
"Zambia","2023-08-24",0
"Zambia","2023-08-25",0
"Zambia","2023-08-26",0
"Zambia","2023-08-27",0
"Zambia","2023-08-28",0
"Zambia","2023-08-29",0
"Zambia","2023-08-30",0
"Zambia","2023-08-31",0
"Zambia","2023-09-01",0
"Zambia","2023-09-02",0
"Zambia","2023-09-03",0
"Zambia","2023-09-04",0
"Zambia","2023-09-05",0
"Zambia","2023-09-06",0
"Zambia","2023-09-07",0
"Zambia","2023-09-08",0
"Zambia","2023-09-09",0
"Zambia","2023-09-10",0
"Zambia","2023-09-11",0
"Zambia","2023-09-12",0
"Zambia","2023-09-13",0
"Zambia","2023-09-14",0
"Zambia","2023-09-15",0
"Zambia","2023-09-16",0
"Zambia","2023-09-17",0
"Zambia","2023-09-18",0
"Zambia","2023-09-19",0
"Zambia","2023-09-20",0
"Zambia","2023-09-21",0
"Zambia","2023-09-22",0
"Zambia","2023-09-23",0
"Zambia","2023-09-24",0
"Zambia","2023-09-25",0
"Zambia","2023-09-26",0
"Zambia","2023-09-27",0
"Zambia","2023-09-28",0
"Zambia","2023-09-29",0
"Zambia","2023-09-30",0
"Zambia","2023-10-01",0
"Zambia","2023-10-02",0.049620565
"Zambia","2023-10-03",0
"Zambia","2023-10-04",0
"Zambia","2023-10-05",0
"Zambia","2023-10-06",0
"Zambia","2023-10-07",0
"Zambia","2023-10-08",0
"Zambia","2023-10-09",0.14886169
"Zambia","2023-10-10",0
"Zambia","2023-10-11",0
"Zambia","2023-10-12",0
"Zambia","2023-10-13",0
"Zambia","2023-10-14",0
"Zambia","2023-10-15",0
"Zambia","2023-10-16",0.14886169
"Zambia","2023-10-17",0
"Zambia","2023-10-18",0
"Zambia","2023-10-19",0
"Zambia","2023-10-20",0
"Zambia","2023-10-21",0
"Zambia","2023-10-22",0
"Zambia","2023-10-23",0.14886169
"Zambia","2023-10-24",0
"Zambia","2023-10-25",0
"Zambia","2023-10-26",0
"Zambia","2023-10-27",0
"Zambia","2023-10-28",0
"Zambia","2023-10-29",0
"Zambia","2023-10-30",0.19848226
"Zambia","2023-10-31",0
"Zambia","2023-11-01",0
"Zambia","2023-11-02",0
"Zambia","2023-11-03",0
"Zambia","2023-11-04",0
"Zambia","2023-11-05",0
"Zambia","2023-11-06",0
"Zambia","2023-11-07",0
"Zambia","2023-11-08",0
"Zambia","2023-11-09",0
"Zambia","2023-11-10",0
"Zambia","2023-11-11",0
"Zambia","2023-11-12",0
"Zambia","2023-11-13",0.049620565
"Zambia","2023-11-14",0
"Zambia","2023-11-15",0
"Zambia","2023-11-16",0
"Zambia","2023-11-17",0
"Zambia","2023-11-18",0
"Zambia","2023-11-19",0
"Zambia","2023-11-20",0
"Zambia","2023-11-21",0
"Zambia","2023-11-22",0
"Zambia","2023-11-23",0
"Zambia","2023-11-24",0
"Zambia","2023-11-25",0
"Zambia","2023-11-26",0
"Zambia","2023-11-27",0.09924113
"Zambia","2023-11-28",0
"Zambia","2023-11-29",0
"Zambia","2023-11-30",0
"Zambia","2023-12-01",0
"Zambia","2023-12-02",0
"Zambia","2023-12-03",0
"Zambia","2023-12-04",0
"Zambia","2023-12-05",0
"Zambia","2023-12-06",0
"Zambia","2023-12-07",0
"Zambia","2023-12-08",0
"Zambia","2023-12-09",0
"Zambia","2023-12-10",0
"Zambia","2023-12-11",0
"Zambia","2023-12-12",0
"Zambia","2023-12-13",0
"Zambia","2023-12-14",0
"Zambia","2023-12-15",0
"Zambia","2023-12-16",0
"Zambia","2023-12-17",0
"Zambia","2023-12-18",0
"Zambia","2023-12-19",0
"Zambia","2023-12-20",0
"Zambia","2023-12-21",0
"Zambia","2023-12-22",0
"Zambia","2023-12-23",0
"Zambia","2023-12-24",0
"Zambia","2023-12-25",0
"Zambia","2023-12-26",0
"Zambia","2023-12-27",0
"Zambia","2023-12-28",0
"Zambia","2023-12-29",0
"Zambia","2023-12-30",0
"Zambia","2023-12-31",0
"Zambia","2024-01-01",0
"Zambia","2024-01-02",0
"Zambia","2024-01-03",0
"Zambia","2024-01-04",0
"Zambia","2024-01-05",0
"Zambia","2024-01-06",0
"Zambia","2024-01-07",0
"Zambia","2024-01-08",0
"Zambia","2024-01-09",0
"Zambia","2024-01-10",0
"Zambia","2024-01-11",0
"Zambia","2024-01-12",0
"Zambia","2024-01-13",0
"Zambia","2024-01-14",0
"Zambia","2024-01-15",0
"Zambia","2024-01-16",0
"Zambia","2024-01-17",0
"Zambia","2024-01-18",0
"Zambia","2024-01-19",0
"Zambia","2024-01-20",0
"Zambia","2024-01-21",0
"Zambia","2024-01-22",0
"Zambia","2024-01-23",0
"Zambia","2024-01-24",0
"Zambia","2024-01-25",0
"Zambia","2024-01-26",0
"Zambia","2024-01-27",0
"Zambia","2024-01-28",0
"Zambia","2024-01-29",0
"Zambia","2024-01-30",0
"Zambia","2024-01-31",0
"Zambia","2024-02-01",0
"Zambia","2024-02-02",0
"Zambia","2024-02-03",0
"Zambia","2024-02-04",0
"Zambia","2024-02-05",0
"Zambia","2024-02-06",0
"Zambia","2024-02-07",0
"Zambia","2024-02-08",0
"Zambia","2024-02-09",0
"Zambia","2024-02-10",0
"Zambia","2024-02-11",0
"Zambia","2024-02-12",0
"Zambia","2024-02-13",0
"Zambia","2024-02-14",0
"Zambia","2024-02-15",0
"Zambia","2024-02-16",0
"Zambia","2024-02-17",0
"Zambia","2024-02-18",0
"Zambia","2024-02-19",0
"Zambia","2024-02-20",0
"Zambia","2024-02-21",0
"Zambia","2024-02-22",0
"Zambia","2024-02-23",0
"Zambia","2024-02-24",0
"Zambia","2024-02-25",0
"Zambia","2024-02-26",0
"Zambia","2024-02-27",0
"Zambia","2024-02-28",0
"Zambia","2024-02-29",0
"Zambia","2024-03-01",0
"Zambia","2024-03-02",0
"Zambia","2024-03-03",0
"Zambia","2024-03-04",0
"Zambia","2024-03-05",0
"Zambia","2024-03-06",0
"Zambia","2024-03-07",0
"Zambia","2024-03-08",0
"Zambia","2024-03-09",0
"Zambia","2024-03-10",0
"Zambia","2024-03-11",4.962056
"Zambia","2024-03-12",0
"Zambia","2024-03-13",0
"Zambia","2024-03-14",0
"Zambia","2024-03-15",0
"Zambia","2024-03-16",0
"Zambia","2024-03-17",0
"Zambia","2024-03-18",4.912436
"Zambia","2024-03-19",0
"Zambia","2024-03-20",0
"Zambia","2024-03-21",0
"Zambia","2024-03-22",0
"Zambia","2024-03-23",0
"Zambia","2024-03-24",0
"Zambia","2024-03-25",2.729131
"Zambia","2024-03-26",0
"Zambia","2024-03-27",0
"Zambia","2024-03-28",0
"Zambia","2024-03-29",0
"Zambia","2024-03-30",0
"Zambia","2024-03-31",0
"Zambia","2024-04-01",1.5382375
"Zambia","2024-04-02",0
"Zambia","2024-04-03",0
"Zambia","2024-04-04",0
"Zambia","2024-04-05",0
"Zambia","2024-04-06",0
"Zambia","2024-04-07",0
"Zambia","2024-04-08",1.3397552
"Zambia","2024-04-09",0
"Zambia","2024-04-10",0
"Zambia","2024-04-11",0
"Zambia","2024-04-12",0
"Zambia","2024-04-13",0
"Zambia","2024-04-14",0
"Zambia","2024-04-15",0.4465851
"Zambia","2024-04-16",0
"Zambia","2024-04-17",0
"Zambia","2024-04-18",0
"Zambia","2024-04-19",0
"Zambia","2024-04-20",0
"Zambia","2024-04-21",0
"Zambia","2024-04-22",0.19848226
"Zambia","2024-04-23",0
"Zambia","2024-04-24",0
"Zambia","2024-04-25",0
"Zambia","2024-04-26",0
"Zambia","2024-04-27",0
"Zambia","2024-04-28",0
"Zambia","2024-04-29",0.29772338
"Zambia","2024-04-30",0
"Zambia","2024-05-01",0
"Zambia","2024-05-02",0
"Zambia","2024-05-03",0
"Zambia","2024-05-04",0
"Zambia","2024-05-05",0
"Zambia","2024-05-06",0.24810281
"Zambia","2024-05-07",0
"Zambia","2024-05-08",0
"Zambia","2024-05-09",0
"Zambia","2024-05-10",0
"Zambia","2024-05-11",0
"Zambia","2024-05-12",0
"Zambia","2024-05-13",0.19848226
"Zambia","2024-05-14",0
"Zambia","2024-05-15",0
"Zambia","2024-05-16",0
"Zambia","2024-05-17",0
"Zambia","2024-05-18",0
"Zambia","2024-05-19",0
"Zambia","2024-05-20",0.4465851
"Zambia","2024-05-21",0
"Zambia","2024-05-22",0
"Zambia","2024-05-23",0
"Zambia","2024-05-24",0
"Zambia","2024-05-25",0
"Zambia","2024-05-26",0
"Zambia","2024-05-27",0.64506733
"Zambia","2024-05-28",0
"Zambia","2024-05-29",0
"Zambia","2024-05-30",0
"Zambia","2024-05-31",0
"Zambia","2024-06-01",0
"Zambia","2024-06-02",0
"Zambia","2024-06-03",0.39696452
"Zambia","2024-06-04",0
"Zambia","2024-06-05",0
"Zambia","2024-06-06",0
"Zambia","2024-06-07",0
"Zambia","2024-06-08",0
"Zambia","2024-06-09",0
"Zambia","2024-06-10",0.34734395
"Zambia","2024-06-11",0
"Zambia","2024-06-12",0
"Zambia","2024-06-13",0
"Zambia","2024-06-14",0
"Zambia","2024-06-15",0
"Zambia","2024-06-16",0
"Zambia","2024-06-17",0.19848226
"Zambia","2024-06-18",0
"Zambia","2024-06-19",0
"Zambia","2024-06-20",0
"Zambia","2024-06-21",0
"Zambia","2024-06-22",0
"Zambia","2024-06-23",0
"Zambia","2024-06-24",0.049620565
"Zambia","2024-06-25",0
"Zambia","2024-06-26",0
"Zambia","2024-06-27",0
"Zambia","2024-06-28",0
"Zambia","2024-06-29",0
"Zambia","2024-06-30",0
"Zambia","2024-07-01",0
"Zambia","2024-07-02",0
"Zambia","2024-07-03",0
"Zambia","2024-07-04",0
"Zambia","2024-07-05",0
"Zambia","2024-07-06",0
"Zambia","2024-07-07",0
"Zambia","2024-07-08",1.3397552
"Zambia","2024-07-09",0
"Zambia","2024-07-10",0
"Zambia","2024-07-11",0
"Zambia","2024-07-12",0
"Zambia","2024-07-13",0
"Zambia","2024-07-14",0
"Zambia","2024-07-15",1.7863404
"Zambia","2024-07-16",0
"Zambia","2024-07-17",0
"Zambia","2024-07-18",0
"Zambia","2024-07-19",0
"Zambia","2024-07-20",0
"Zambia","2024-07-21",0
"Zambia","2024-07-22",0.99241126
"Zambia","2024-07-23",0
"Zambia","2024-07-24",0
"Zambia","2024-07-25",0
"Zambia","2024-07-26",0
"Zambia","2024-07-27",0
"Zambia","2024-07-28",0
"Zambia","2024-07-29",2.729131
"Zambia","2024-07-30",0
"Zambia","2024-07-31",0
"Zambia","2024-08-01",0
"Zambia","2024-08-02",0
"Zambia","2024-08-03",0
"Zambia","2024-08-04",0
"Zambia","2024-08-05",0.8931702
"Zambia","2024-08-06",0
"Zambia","2024-08-07",0
"Zambia","2024-08-08",0
"Zambia","2024-08-09",0
"Zambia","2024-08-10",0
"Zambia","2024-08-11",0
"Zambia","2024-08-12",0.64506733
"Zambia","2024-08-13",0
"Zambia","2024-08-14",0
"Zambia","2024-08-15",0
"Zambia","2024-08-16",0
"Zambia","2024-08-17",0
"Zambia","2024-08-18",0
"Zambia","2024-08-19",0.4465851
"Zambia","2024-08-20",0
"Zambia","2024-08-21",0
"Zambia","2024-08-22",0
"Zambia","2024-08-23",0
"Zambia","2024-08-24",0
"Zambia","2024-08-25",0
"Zambia","2024-08-26",0.19848226
"Zambia","2024-08-27",0
"Zambia","2024-08-28",0
"Zambia","2024-08-29",0
"Zambia","2024-08-30",0
"Zambia","2024-08-31",0
"Zambia","2024-09-01",0
"Zambia","2024-09-02",0.14886169
"Zambia","2024-09-03",0
"Zambia","2024-09-04",0
"Zambia","2024-09-05",0
"Zambia","2024-09-06",0
"Zambia","2024-09-07",0
"Zambia","2024-09-08",0
"Zambia","2024-09-09",0.24810281
"Zambia","2024-09-10",0
"Zambia","2024-09-11",0
"Zambia","2024-09-12",0
"Zambia","2024-09-13",0
"Zambia","2024-09-14",0
"Zambia","2024-09-15",0
"Zambia","2024-09-16",0.19848226
"Zambia","2024-09-17",0
"Zambia","2024-09-18",0
"Zambia","2024-09-19",0
"Zambia","2024-09-20",0
"Zambia","2024-09-21",0
"Zambia","2024-09-22",0
"Zambia","2024-09-23",0.19848226
"Zambia","2024-09-24",0
"Zambia","2024-09-25",0
"Zambia","2024-09-26",0
"Zambia","2024-09-27",0
"Zambia","2024-09-28",0
"Zambia","2024-09-29",0
"Zambia","2024-09-30",0.19848226
"Zambia","2024-10-01",0
"Zambia","2024-10-02",0
"Zambia","2024-10-03",0
"Zambia","2024-10-04",0
"Zambia","2024-10-05",0
"Zambia","2024-10-06",0
"Zambia","2024-10-07",0.049620565
"Zambia","2024-10-08",0
"Zambia","2024-10-09",0
"Zambia","2024-10-10",0
"Zambia","2024-10-11",0
"Zambia","2024-10-12",0
"Zambia","2024-10-13",0
"Zambia","2024-10-14",0.14886169
"Zambia","2024-10-15",0
"Zambia","2024-10-16",0
"Zambia","2024-10-17",0
"Zambia","2024-10-18",0
"Zambia","2024-10-19",0
"Zambia","2024-10-20",0
"Zambia","2024-10-21",0
"Zambia","2024-10-22",0
"Zambia","2024-10-23",0
"Zambia","2024-10-24",0
"Zambia","2024-10-25",0
"Zambia","2024-10-26",0
"Zambia","2024-10-27",0
"Zambia","2024-10-28",0
"Zambia","2024-10-29",0
"Zambia","2024-10-30",0
"Zambia","2024-10-31",0
"Zambia","2024-11-01",0
"Zambia","2024-11-02",0
"Zambia","2024-11-03",0
"Zambia","2024-11-04",0
"Zambia","2024-11-05",0
"Zambia","2024-11-06",0
"Zambia","2024-11-07",0
"Zambia","2024-11-08",0
"Zambia","2024-11-09",0
"Zambia","2024-11-10",0
"Zambia","2024-11-11",0
"Zambia","2024-11-12",0
"Zambia","2024-11-13",0
"Zambia","2024-11-14",0
"Zambia","2024-11-15",0
"Zambia","2024-11-16",0
"Zambia","2024-11-17",0
"Zambia","2024-11-18",0
"Zambia","2024-11-19",0
"Zambia","2024-11-20",0
"Zambia","2024-11-21",0
"Zambia","2024-11-22",0
"Zambia","2024-11-23",0
"Zambia","2024-11-24",0
"Zambia","2024-11-25",0
"Zambia","2024-11-26",0
"Zambia","2024-11-27",0
"Zambia","2024-11-28",0
"Zambia","2024-11-29",0
"Zambia","2024-11-30",0
"Zambia","2024-12-01",0
"Zambia","2024-12-02",0
"Zambia","2024-12-03",0
"Zambia","2024-12-04",0
"Zambia","2024-12-05",0
"Zambia","2024-12-06",0
"Zambia","2024-12-07",0
"Zambia","2024-12-08",0
"Zambia","2024-12-09",0
"Zambia","2024-12-10",0
"Zambia","2024-12-11",0
"Zambia","2024-12-12",0
"Zambia","2024-12-13",0
"Zambia","2024-12-14",0
"Zambia","2024-12-15",0
"Zambia","2024-12-16",0
"Zambia","2024-12-17",0
"Zambia","2024-12-18",0
"Zambia","2024-12-19",0
"Zambia","2024-12-20",0
"Zambia","2024-12-21",0
"Zambia","2024-12-22",0
"Zambia","2024-12-23",0
"Zambia","2024-12-24",0
"Zambia","2024-12-25",0
"Zambia","2024-12-26",0
"Zambia","2024-12-27",0
"Zambia","2024-12-28",0
"Zambia","2024-12-29",0
"Zambia","2024-12-30",0
"Zambia","2024-12-31",0
"Zambia","2025-01-01",0
"Zambia","2025-01-02",0
"Zambia","2025-01-03",0
"Zambia","2025-01-04",0
"Zambia","2025-01-05",0
"Zambia","2025-01-06",0
"Zambia","2025-01-07",0
"Zambia","2025-01-08",0
"Zambia","2025-01-09",0
"Zambia","2025-01-10",0
"Zambia","2025-01-11",0
"Zambia","2025-01-12",0
"Zambia","2025-01-13",0
"Zambia","2025-01-14",0
"Zambia","2025-01-15",0
"Zambia","2025-01-16",0
"Zambia","2025-01-17",0
"Zambia","2025-01-18",0
"Zambia","2025-01-19",0
"Zambia","2025-01-20",0
"Zambia","2025-01-21",0
"Zambia","2025-01-22",0
"Zambia","2025-01-23",0
"Zambia","2025-01-24",0
"Zambia","2025-01-25",0
"Zambia","2025-01-26",0
"Zambia","2025-01-27",0
"Zambia","2025-01-28",0
"Zambia","2025-01-29",0
"Zambia","2025-01-30",0
"Zambia","2025-01-31",0
"Zambia","2025-02-01",0
"Zambia","2025-02-02",0
"Zambia","2025-02-03",0
"Zambia","2025-02-04",0
"Zambia","2025-02-05",0
"Zambia","2025-02-06",0
"Zambia","2025-02-07",0
"Zambia","2025-02-08",0
"Zambia","2025-02-09",0
"Zambia","2025-02-10",0
"Zambia","2025-02-11",0
"Zambia","2025-02-12",0
"Zambia","2025-02-13",0
"Zambia","2025-02-14",0
"Zambia","2025-02-15",0
"Zambia","2025-02-16",0
"Zambia","2025-02-17",0
"Zambia","2025-02-18",0
"Zambia","2025-02-19",0
"Zambia","2025-02-20",0
"Zambia","2025-02-21",0
"Zambia","2025-02-22",0
"Zambia","2025-02-23",0
"Zambia","2025-02-24",0
"Zambia","2025-02-25",0
"Zambia","2025-02-26",0
"Zambia","2025-02-27",0
"Zambia","2025-02-28",0
"Zambia","2025-03-01",0
"Zambia","2025-03-02",0
"Zambia","2025-03-03",0
"Zambia","2025-03-04",0
"Zambia","2025-03-05",0
"Zambia","2025-03-06",0
"Zambia","2025-03-07",0
"Zambia","2025-03-08",0
"Zambia","2025-03-09",0
"Zambia","2025-03-10",0
"Zambia","2025-03-11",0
"Zambia","2025-03-12",0
"Zambia","2025-03-13",0
"Zambia","2025-03-14",0
"Zambia","2025-03-15",0
"Zambia","2025-03-16",0
"Zambia","2025-03-17",0
"Zambia","2025-03-18",0
"Zambia","2025-03-19",0
"Zambia","2025-03-20",0
"Zambia","2025-03-21",0
"Zambia","2025-03-22",0
"Zambia","2025-03-23",0
"Zambia","2025-03-24",0
"Zambia","2025-03-25",0
"Zambia","2025-03-26",0
"Zambia","2025-03-27",0
"Zambia","2025-03-28",0
"Zambia","2025-03-29",0
"Zambia","2025-03-30",0
"Zambia","2025-03-31",0
"Zambia","2025-04-01",0
"Zambia","2025-04-02",0
"Zambia","2025-04-03",0
"Zambia","2025-04-04",0
"Zambia","2025-04-05",0
"Zambia","2025-04-06",0
"Zambia","2025-04-07",0
"Zambia","2025-04-08",0
"Zambia","2025-04-09",0
"Zambia","2025-04-10",0
"Zambia","2025-04-11",0
"Zambia","2025-04-12",0
"Zambia","2025-04-13",0
"Zambia","2025-04-14",0
"Zambia","2025-04-15",0
"Zambia","2025-04-16",0
"Zambia","2025-04-17",0
"Zambia","2025-04-18",0
"Zambia","2025-04-19",0
"Zambia","2025-04-20",0
"Zambia","2025-04-21",0
"Zambia","2025-04-22",0
"Zambia","2025-04-23",0
"Zambia","2025-04-24",0
"Zambia","2025-04-25",0
"Zambia","2025-04-26",0
"Zambia","2025-04-27",0
"Zambia","2025-04-28",0
"Zambia","2025-04-29",0
"Zambia","2025-04-30",0
"Zambia","2025-05-01",0
"Zambia","2025-05-02",0
"Zambia","2025-05-03",0
"Zambia","2025-05-04",0
"Zambia","2025-05-05",0
"Zambia","2025-05-06",0
"Zambia","2025-05-07",0
"Zambia","2025-05-08",0
"Zambia","2025-05-09",0
"Zambia","2025-05-10",0
"Zambia","2025-05-11",0
"Zambia","2025-05-12",0
"Zambia","2025-05-13",0
"Zambia","2025-05-14",0
"Zambia","2025-05-15",0
"Zambia","2025-05-16",0
"Zambia","2025-05-17",0
"Zambia","2025-05-18",0
"Zambia","2025-05-19",0
"Zambia","2025-05-20",0
"Zambia","2025-05-21",0
"Zambia","2025-05-22",0
"Zambia","2025-05-23",0
"Zambia","2025-05-24",0
"Zambia","2025-05-25",0
"Zambia","2025-05-26",0
"Zambia","2025-05-27",0
"Zambia","2025-05-28",0
"Zambia","2025-05-29",0
"Zambia","2025-05-30",0
"Zambia","2025-05-31",0
"Zambia","2025-06-01",0
"Zambia","2025-06-02",0
"Zambia","2025-06-03",0
"Zambia","2025-06-04",0
"Zambia","2025-06-05",0
"Zambia","2025-06-06",0
"Zambia","2025-06-07",0
"Zambia","2025-06-08",0
"Zambia","2025-06-09",0
"Zambia","2025-06-10",0
"Zambia","2025-06-11",0
"Zambia","2025-06-12",0
"Zambia","2025-06-13",0
"Zambia","2025-06-14",0
"Zambia","2025-06-15",0
"Zambia","2025-06-16",0
"Zambia","2025-06-17",0
"Zambia","2025-06-18",0
"Zambia","2025-06-19",0
"Zambia","2025-06-20",0
"Zambia","2025-06-21",0
"Zambia","2025-06-22",0
"Zambia","2025-06-23",0
"Zambia","2025-06-24",0
"Zambia","2025-06-25",0
"Zambia","2025-06-26",0
"Zambia","2025-06-27",0
"Zambia","2025-06-28",0
"Zambia","2025-06-29",0
"Zambia","2025-06-30",0
"Zambia","2025-07-01",0
"Zambia","2025-07-02",0
"Zambia","2025-07-03",0
"Zambia","2025-07-04",0
"Zambia","2025-07-05",0
"Zambia","2025-07-06",0
"Zambia","2025-07-07",0
"Zambia","2025-07-08",0
"Zambia","2025-07-09",0
"Zambia","2025-07-10",0
"Zambia","2025-07-11",0
"Zambia","2025-07-12",0
"Zambia","2025-07-13",0
"Zambia","2025-07-14",0
"Zambia","2025-07-15",0
"Zambia","2025-07-16",0
"Zambia","2025-07-17",0
"Zambia","2025-07-18",0
"Zambia","2025-07-19",0
"Zambia","2025-07-20",0
"Zambia","2025-07-21",0
"Zambia","2025-07-22",0
"Zambia","2025-07-23",0
"Zambia","2025-07-24",0
"Zambia","2025-07-25",0
"Zambia","2025-07-26",0
"Zambia","2025-07-27",0
"Zambia","2025-07-28",0
"Zambia","2025-07-29",0
"Zambia","2025-07-30",0
"Zambia","2025-07-31",0
"Zambia","2025-08-01",0
"Zambia","2025-08-02",0
"Zambia","2025-08-03",0
"Zambia","2025-08-04",0
"Zambia","2025-08-05",0
"Zambia","2025-08-06",0
"Zambia","2025-08-07",0
"Zambia","2025-08-08",0
"Zambia","2025-08-09",0
"Zambia","2025-08-10",0
"Zambia","2025-08-11",0
"Zambia","2025-08-12",0
"Zambia","2025-08-13",0
"Zambia","2025-08-14",0
"Zambia","2025-08-15",0
"Zambia","2025-08-16",0
"Zambia","2025-08-17",0
"Zambia","2025-08-18",0
"Zambia","2025-08-19",0
"Zambia","2025-08-20",0
"Zambia","2025-08-21",0
"Zambia","2025-08-22",0
"Zambia","2025-08-23",0
"Zambia","2025-08-24",0
"Zambia","2025-08-25",0
"Zambia","2025-08-26",0
"Zambia","2025-08-27",0
"Zambia","2025-08-28",0
"Zambia","2025-08-29",0
"Zambia","2025-08-30",0
"Zambia","2025-08-31",0
"Zambia","2025-09-01",0
"Zambia","2025-09-02",0
"Zambia","2025-09-03",0
"Zambia","2025-09-04",0
"Zambia","2025-09-05",0
"Zambia","2025-09-06",0
"Zambia","2025-09-07",0
"Zambia","2025-09-08",0
"Zambia","2025-09-09",0
"Zambia","2025-09-10",0
"Zambia","2025-09-11",0
"Zambia","2025-09-12",0
"Zambia","2025-09-13",0
"Zambia","2025-09-14",0
"Zambia","2025-09-15",0
"Zambia","2025-09-16",0
"Zambia","2025-09-17",0
"Zambia","2025-09-18",0
"Zambia","2025-09-19",0
"Zambia","2025-09-20",0
"Zambia","2025-09-21",0
"Zambia","2025-09-22",0
"Zambia","2025-09-23",0
"Zambia","2025-09-24",0
"Zambia","2025-09-25",0
"Zambia","2025-09-26",0
"Zambia","2025-09-27",0
"Zambia","2025-09-28",0
"Zambia","2025-09-29",0
"Zambia","2025-09-30",0
"Zambia","2025-10-01",0
"Zambia","2025-10-02",0
"Zambia","2025-10-03",0
"Zambia","2025-10-04",0
"Zambia","2025-10-05",0
"Zambia","2025-10-06",0
"Zambia","2025-10-07",0
"Zambia","2025-10-08",0
"Zambia","2025-10-09",0
"Zambia","2025-10-10",0
"Zambia","2025-10-11",0
"Zambia","2025-10-12",0
"Zambia","2025-10-13",0
"Zambia","2025-10-14",0
"Zambia","2025-10-15",0
"Zambia","2025-10-16",0
"Zambia","2025-10-17",0
"Zambia","2025-10-18",0
"Zambia","2025-10-19",0
"Zambia","2025-10-20",0
"Zambia","2025-10-21",0
"Zambia","2025-10-22",0
"Zambia","2025-10-23",0
"Zambia","2025-10-24",0
"Zambia","2025-10-25",0
"Zambia","2025-10-26",0
"Zambia","2025-10-27",0
"Zambia","2025-10-28",0
"Zambia","2025-10-29",0
"Zambia","2025-10-30",0
"Zambia","2025-10-31",0
"Zambia","2025-11-01",0
"Zambia","2025-11-02",0
"Zambia","2025-11-03",0
"Zambia","2025-11-04",0
"Zambia","2025-11-05",0
"Zambia","2025-11-06",0
"Zambia","2025-11-07",0
"Zambia","2025-11-08",0
"Zambia","2025-11-09",0
"Zambia","2025-11-10",0
"Zambia","2025-11-11",0
"Zambia","2025-11-12",0
"Zambia","2025-11-13",0
"Zambia","2025-11-14",0
"Zambia","2025-11-15",0
"Zambia","2025-11-16",0
"Zambia","2025-11-17",0
"Zambia","2025-11-18",0
"Zambia","2025-11-19",0
"Zambia","2025-11-20",0
"Zambia","2025-11-21",0
"Zambia","2025-11-22",0
"Zambia","2025-11-23",0
"Zambia","2025-11-24",0
"Zambia","2025-11-25",0
"Zambia","2025-11-26",0
"Zambia","2025-11-27",0
"Zambia","2025-11-28",0
"Zambia","2025-11-29",0
"Zambia","2025-11-30",0
"Zambia","2025-12-01",0
"Zambia","2025-12-02",0
"Zambia","2025-12-03",0
"Zambia","2025-12-04",0
"Zambia","2025-12-05",0
"Zambia","2025-12-06",0
"Zambia","2025-12-07",0
"Zambia","2025-12-08",0
"Zambia","2025-12-09",0
"Zambia","2025-12-10",0
"Zambia","2025-12-11",0
"Zambia","2025-12-12",0
"Zambia","2025-12-13",0
"Zambia","2025-12-14",0
"Zambia","2025-12-15",0
"Zambia","2025-12-16",0
"Zambia","2025-12-17",0
"Zambia","2025-12-18",0
"Zambia","2025-12-19",0
"Zambia","2025-12-20",0
"Zambia","2025-12-21",0
